Name,Extension,Date accessed,Date modified,Date created,Folder Path
cat_10.jpg,.jpg,05-04-2024 11:37,05-04-2024 11:37,20-12-2022 12:13,C:\sariga\train\cats\
cat_100.jpg,.jpg,05-04-2024 11:37,05-04-2024 11:37,20-12-2022 12:13,C:\sariga\train\cats\
cat_101.jpg,.jpg,05-04-2024 11:37,05-04-2024 11:37,20-12-2022 12:13,C:\sariga\train\cats\
cat_102.jpg,.jpg,05-04-2024 11:37,05-04-2024 11:37,20-12-2022 12:13,C:\sariga\train\cats\
cat_103.jpg,.jpg,05-04-2024 11:37,05-04-2024 11:37,20-12-2022 12:13,C:\sariga\train\cats\
cat_104.jpg,.jpg,05-04-2024 11:37,05-04-2024 11:37,20-12-2022 12:13,C:\sariga\train\cats\
cat_11.jpg,.jpg,05-04-2024 11:37,05-04-2024 11:37,20-12-2022 12:13,C:\sariga\train\cats\
cat_111.jpg,.jpg,05-04-2024 11:37,05-04-2024 11:37,20-12-2022 12:13,C:\sariga\train\cats\
cat_12.jpg,.jpg,05-04-2024 11:37,05-04-2024 11:37,20-12-2022 12:13,C:\sariga\train\cats\
cat_120.jpg,.jpg,05-04-2024 11:37,05-04-2024 11:37,20-12-2022 12:13,C:\sariga\train\cats\
cat_123.jpg,.jpg,05-04-2024 11:37,05-04-2024 11:37,20-12-2022 12:13,C:\sariga\train\cats\
cat_129.jpg,.jpg,05-04-2024 11:37,05-04-2024 11:37,20-12-2022 12:13,C:\sariga\train\cats\
cat_13.jpg,.jpg,05-04-2024 11:37,05-04-2024 11:37,20-12-2022 12:13,C:\sariga\train\cats\
cat_132.jpg,.jpg,05-04-2024 11:37,05-04-2024 11:37,20-12-2022 12:13,C:\sariga\train\cats\
cat_133.jpg,.jpg,05-04-2024 11:37,05-04-2024 11:37,20-12-2022 12:13,C:\sariga\train\cats\
cat_134.jpg,.jpg,05-04-2024 11:37,05-04-2024 11:37,20-12-2022 12:13,C:\sariga\train\cats\
cat_137.jpg,.jpg,05-04-2024 11:37,05-04-2024 11:37,20-12-2022 12:13,C:\sariga\train\cats\
cat_138.jpg,.jpg,05-04-2024 11:37,05-04-2024 11:37,20-12-2022 12:13,C:\sariga\train\cats\
cat_139.jpg,.jpg,05-04-2024 11:37,05-04-2024 11:37,20-12-2022 12:13,C:\sariga\train\cats\
cat_14.jpg,.jpg,05-04-2024 11:37,05-04-2024 11:37,20-12-2022 12:13,C:\sariga\train\cats\
cat_141.jpg,.jpg,05-04-2024 11:37,05-04-2024 11:37,20-12-2022 12:13,C:\sariga\train\cats\
cat_146.jpg,.jpg,05-04-2024 11:37,05-04-2024 11:37,20-12-2022 12:13,C:\sariga\train\cats\
cat_148.jpg,.jpg,05-04-2024 11:37,05-04-2024 11:37,20-12-2022 12:13,C:\sariga\train\cats\
cat_149.jpg,.jpg,05-04-2024 11:37,05-04-2024 11:37,20-12-2022 12:13,C:\sariga\train\cats\
cat_15.jpg,.jpg,05-04-2024 11:37,05-04-2024 11:37,20-12-2022 12:13,C:\sariga\train\cats\
cat_151.jpg,.jpg,05-04-2024 11:37,05-04-2024 11:37,20-12-2022 12:13,C:\sariga\train\cats\
cat_152.jpg,.jpg,05-04-2024 11:37,05-04-2024 11:37,20-12-2022 12:13,C:\sariga\train\cats\
cat_153.jpg,.jpg,05-04-2024 11:37,05-04-2024 11:37,20-12-2022 12:13,C:\sariga\train\cats\
cat_159.jpg,.jpg,05-04-2024 11:37,05-04-2024 11:37,20-12-2022 12:13,C:\sariga\train\cats\
cat_16.jpg,.jpg,05-04-2024 11:37,05-04-2024 11:37,20-12-2022 12:13,C:\sariga\train\cats\
cat_160.jpg,.jpg,05-04-2024 11:37,05-04-2024 11:37,20-12-2022 12:13,C:\sariga\train\cats\
cat_161.jpg,.jpg,05-04-2024 11:37,05-04-2024 11:37,20-12-2022 12:13,C:\sariga\train\cats\
cat_163.jpg,.jpg,05-04-2024 11:37,05-04-2024 11:37,20-12-2022 12:13,C:\sariga\train\cats\
cat_164.jpg,.jpg,05-04-2024 11:37,05-04-2024 11:37,20-12-2022 12:13,C:\sariga\train\cats\
cat_165.jpg,.jpg,05-04-2024 11:37,05-04-2024 11:37,20-12-2022 12:13,C:\sariga\train\cats\
cat_168.jpg,.jpg,05-04-2024 11:37,05-04-2024 11:37,20-12-2022 12:13,C:\sariga\train\cats\
cat_169.jpg,.jpg,05-04-2024 11:37,05-04-2024 11:37,20-12-2022 12:13,C:\sariga\train\cats\
cat_170.jpg,.jpg,05-04-2024 11:37,05-04-2024 11:37,20-12-2022 12:13,C:\sariga\train\cats\
cat_172.jpg,.jpg,05-04-2024 11:37,05-04-2024 11:37,20-12-2022 12:13,C:\sariga\train\cats\
cat_177.jpg,.jpg,05-04-2024 11:37,05-04-2024 11:37,20-12-2022 12:13,C:\sariga\train\cats\
cat_179.jpg,.jpg,05-04-2024 11:37,05-04-2024 11:37,20-12-2022 12:13,C:\sariga\train\cats\
cat_180.jpg,.jpg,05-04-2024 11:37,05-04-2024 11:37,20-12-2022 12:13,C:\sariga\train\cats\
cat_183.jpg,.jpg,05-04-2024 11:37,05-04-2024 11:37,20-12-2022 12:13,C:\sariga\train\cats\
cat_184.jpg,.jpg,05-04-2024 11:37,05-04-2024 11:37,20-12-2022 12:13,C:\sariga\train\cats\
cat_189.jpg,.jpg,05-04-2024 11:37,05-04-2024 11:37,20-12-2022 12:13,C:\sariga\train\cats\
cat_191.jpg,.jpg,05-04-2024 11:37,05-04-2024 11:37,20-12-2022 12:13,C:\sariga\train\cats\
cat_194.jpg,.jpg,05-04-2024 11:37,05-04-2024 11:37,20-12-2022 12:13,C:\sariga\train\cats\
cat_195.jpg,.jpg,05-04-2024 11:37,05-04-2024 11:37,20-12-2022 12:13,C:\sariga\train\cats\
cat_198.jpg,.jpg,05-04-2024 11:37,05-04-2024 11:37,20-12-2022 12:13,C:\sariga\train\cats\
cat_2.jpg,.jpg,05-04-2024 11:37,05-04-2024 11:37,20-12-2022 12:13,C:\sariga\train\cats\
cat_200.jpg,.jpg,05-04-2024 11:37,05-04-2024 11:37,20-12-2022 12:13,C:\sariga\train\cats\
cat_201.jpg,.jpg,05-04-2024 11:37,05-04-2024 11:37,20-12-2022 12:13,C:\sariga\train\cats\
cat_202.jpg,.jpg,05-04-2024 11:37,05-04-2024 11:37,20-12-2022 12:13,C:\sariga\train\cats\
cat_207.jpg,.jpg,05-04-2024 11:37,05-04-2024 11:37,20-12-2022 12:13,C:\sariga\train\cats\
cat_208.jpg,.jpg,05-04-2024 11:37,05-04-2024 11:37,20-12-2022 12:13,C:\sariga\train\cats\
cat_209.jpg,.jpg,05-04-2024 11:37,05-04-2024 11:37,20-12-2022 12:13,C:\sariga\train\cats\
cat_21.jpg,.jpg,05-04-2024 11:37,05-04-2024 11:37,20-12-2022 12:13,C:\sariga\train\cats\
cat_211.jpg,.jpg,05-04-2024 11:37,05-04-2024 11:37,20-12-2022 12:13,C:\sariga\train\cats\
cat_213.jpg,.jpg,05-04-2024 11:37,05-04-2024 11:37,20-12-2022 12:13,C:\sariga\train\cats\
cat_214.jpg,.jpg,05-04-2024 11:37,05-04-2024 11:37,20-12-2022 12:13,C:\sariga\train\cats\
cat_215.jpg,.jpg,05-04-2024 11:37,05-04-2024 11:37,20-12-2022 12:13,C:\sariga\train\cats\
cat_217.jpg,.jpg,05-04-2024 11:37,05-04-2024 11:37,20-12-2022 12:13,C:\sariga\train\cats\
cat_218.jpg,.jpg,05-04-2024 11:37,05-04-2024 11:37,20-12-2022 12:13,C:\sariga\train\cats\
cat_219.jpg,.jpg,05-04-2024 11:37,05-04-2024 11:37,20-12-2022 12:13,C:\sariga\train\cats\
cat_220.jpg,.jpg,05-04-2024 11:37,05-04-2024 11:37,20-12-2022 12:13,C:\sariga\train\cats\
cat_221.jpg,.jpg,05-04-2024 11:37,05-04-2024 11:37,20-12-2022 12:13,C:\sariga\train\cats\
cat_222.jpg,.jpg,05-04-2024 11:37,05-04-2024 11:37,20-12-2022 12:13,C:\sariga\train\cats\
cat_224.jpg,.jpg,05-04-2024 11:37,05-04-2024 11:37,20-12-2022 12:13,C:\sariga\train\cats\
cat_225.jpg,.jpg,05-04-2024 11:37,05-04-2024 11:37,20-12-2022 12:13,C:\sariga\train\cats\
cat_227.jpg,.jpg,05-04-2024 11:37,05-04-2024 11:37,20-12-2022 12:13,C:\sariga\train\cats\
cat_228.jpg,.jpg,05-04-2024 11:37,05-04-2024 11:37,20-12-2022 12:13,C:\sariga\train\cats\
cat_229.jpg,.jpg,05-04-2024 11:37,05-04-2024 11:37,20-12-2022 12:13,C:\sariga\train\cats\
cat_230.jpg,.jpg,05-04-2024 11:37,05-04-2024 11:37,20-12-2022 12:13,C:\sariga\train\cats\
cat_232.jpg,.jpg,05-04-2024 11:37,05-04-2024 11:37,20-12-2022 12:13,C:\sariga\train\cats\
cat_235.jpg,.jpg,05-04-2024 11:37,05-04-2024 11:37,20-12-2022 12:13,C:\sariga\train\cats\
cat_238.jpg,.jpg,05-04-2024 11:37,05-04-2024 11:37,20-12-2022 12:13,C:\sariga\train\cats\
cat_24.jpg,.jpg,05-04-2024 11:37,05-04-2024 11:37,20-12-2022 12:13,C:\sariga\train\cats\
cat_240.jpg,.jpg,05-04-2024 11:37,05-04-2024 11:37,20-12-2022 12:13,C:\sariga\train\cats\
cat_243.jpg,.jpg,05-04-2024 11:37,05-04-2024 11:37,20-12-2022 12:13,C:\sariga\train\cats\
cat_246.jpg,.jpg,05-04-2024 11:37,05-04-2024 11:37,20-12-2022 12:13,C:\sariga\train\cats\
cat_247.jpg,.jpg,05-04-2024 11:37,05-04-2024 11:37,20-12-2022 12:13,C:\sariga\train\cats\
cat_248.jpg,.jpg,05-04-2024 11:37,05-04-2024 11:37,20-12-2022 12:13,C:\sariga\train\cats\
cat_253.jpg,.jpg,05-04-2024 11:37,05-04-2024 11:37,20-12-2022 12:13,C:\sariga\train\cats\
cat_257.jpg,.jpg,05-04-2024 11:37,05-04-2024 11:37,20-12-2022 12:13,C:\sariga\train\cats\
cat_26.jpg,.jpg,05-04-2024 11:37,05-04-2024 11:37,20-12-2022 12:13,C:\sariga\train\cats\
cat_260.jpg,.jpg,05-04-2024 11:37,05-04-2024 11:37,20-12-2022 12:13,C:\sariga\train\cats\
cat_261.jpg,.jpg,05-04-2024 11:37,05-04-2024 11:37,20-12-2022 12:13,C:\sariga\train\cats\
cat_263.jpg,.jpg,05-04-2024 11:37,05-04-2024 11:37,20-12-2022 12:13,C:\sariga\train\cats\
cat_265.jpg,.jpg,05-04-2024 11:37,05-04-2024 11:37,20-12-2022 12:13,C:\sariga\train\cats\
cat_269.jpg,.jpg,05-04-2024 11:37,05-04-2024 11:37,20-12-2022 12:13,C:\sariga\train\cats\
cat_27.jpg,.jpg,05-04-2024 11:37,05-04-2024 11:37,20-12-2022 12:13,C:\sariga\train\cats\
cat_270.jpg,.jpg,05-04-2024 11:37,05-04-2024 11:37,20-12-2022 12:13,C:\sariga\train\cats\
cat_271.jpg,.jpg,05-04-2024 11:37,05-04-2024 11:37,20-12-2022 12:13,C:\sariga\train\cats\
cat_273.jpg,.jpg,05-04-2024 11:37,05-04-2024 11:37,20-12-2022 12:13,C:\sariga\train\cats\
cat_274.jpg,.jpg,05-04-2024 11:37,05-04-2024 11:37,20-12-2022 12:13,C:\sariga\train\cats\
cat_275.jpg,.jpg,05-04-2024 11:37,05-04-2024 11:37,20-12-2022 12:13,C:\sariga\train\cats\
cat_276.jpg,.jpg,05-04-2024 11:37,05-04-2024 11:37,20-12-2022 12:13,C:\sariga\train\cats\
cat_280.jpg,.jpg,05-04-2024 11:37,05-04-2024 11:37,20-12-2022 12:13,C:\sariga\train\cats\
cat_284.jpg,.jpg,05-04-2024 11:37,05-04-2024 11:37,20-12-2022 12:13,C:\sariga\train\cats\
cat_285.jpg,.jpg,05-04-2024 11:37,05-04-2024 11:37,20-12-2022 12:13,C:\sariga\train\cats\
cat_289.jpg,.jpg,05-04-2024 11:37,05-04-2024 11:37,20-12-2022 12:13,C:\sariga\train\cats\
cat_292.jpg,.jpg,05-04-2024 11:37,05-04-2024 11:37,20-12-2022 12:13,C:\sariga\train\cats\
cat_293.jpg,.jpg,05-04-2024 11:37,05-04-2024 11:37,20-12-2022 12:13,C:\sariga\train\cats\
cat_297.jpg,.jpg,05-04-2024 11:37,05-04-2024 11:37,20-12-2022 12:13,C:\sariga\train\cats\
cat_298.jpg,.jpg,05-04-2024 11:37,05-04-2024 11:37,20-12-2022 12:13,C:\sariga\train\cats\
cat_3.jpg,.jpg,05-04-2024 11:37,05-04-2024 11:37,20-12-2022 12:13,C:\sariga\train\cats\
cat_303.jpg,.jpg,05-04-2024 11:37,05-04-2024 11:37,20-12-2022 12:13,C:\sariga\train\cats\
cat_304.jpg,.jpg,05-04-2024 11:37,05-04-2024 11:37,20-12-2022 12:13,C:\sariga\train\cats\
cat_307.jpg,.jpg,05-04-2024 11:37,05-04-2024 11:37,20-12-2022 12:13,C:\sariga\train\cats\
cat_310.jpg,.jpg,05-04-2024 11:37,05-04-2024 11:37,20-12-2022 12:13,C:\sariga\train\cats\
cat_311.jpg,.jpg,05-04-2024 11:37,05-04-2024 11:37,20-12-2022 12:13,C:\sariga\train\cats\
cat_316.jpg,.jpg,05-04-2024 11:37,05-04-2024 11:37,20-12-2022 12:13,C:\sariga\train\cats\
cat_317.jpg,.jpg,05-04-2024 11:37,05-04-2024 11:37,20-12-2022 12:13,C:\sariga\train\cats\
cat_318.jpg,.jpg,05-04-2024 11:37,05-04-2024 11:37,20-12-2022 12:13,C:\sariga\train\cats\
cat_320.jpg,.jpg,05-04-2024 11:37,05-04-2024 11:37,20-12-2022 12:13,C:\sariga\train\cats\
cat_321.jpg,.jpg,05-04-2024 11:37,05-04-2024 11:37,20-12-2022 12:13,C:\sariga\train\cats\
cat_325.jpg,.jpg,05-04-2024 11:37,05-04-2024 11:37,20-12-2022 12:13,C:\sariga\train\cats\
cat_327.jpg,.jpg,05-04-2024 11:37,05-04-2024 11:37,20-12-2022 12:13,C:\sariga\train\cats\
cat_329.jpg,.jpg,05-04-2024 11:37,05-04-2024 11:37,20-12-2022 12:13,C:\sariga\train\cats\
cat_33.jpg,.jpg,05-04-2024 11:37,05-04-2024 11:37,20-12-2022 12:13,C:\sariga\train\cats\
cat_330.jpg,.jpg,05-04-2024 11:37,05-04-2024 11:37,20-12-2022 12:13,C:\sariga\train\cats\
cat_331.jpg,.jpg,05-04-2024 11:37,05-04-2024 11:37,20-12-2022 12:13,C:\sariga\train\cats\
cat_333.jpg,.jpg,05-04-2024 11:37,05-04-2024 11:37,20-12-2022 12:13,C:\sariga\train\cats\
cat_336.jpg,.jpg,05-04-2024 11:37,05-04-2024 11:37,20-12-2022 12:13,C:\sariga\train\cats\
cat_34.jpg,.jpg,05-04-2024 11:37,05-04-2024 11:37,20-12-2022 12:13,C:\sariga\train\cats\
cat_343.jpg,.jpg,05-04-2024 11:37,05-04-2024 11:37,20-12-2022 12:13,C:\sariga\train\cats\
cat_344.jpg,.jpg,05-04-2024 11:37,05-04-2024 11:37,20-12-2022 12:13,C:\sariga\train\cats\
cat_345.jpg,.jpg,05-04-2024 11:37,05-04-2024 11:37,20-12-2022 12:13,C:\sariga\train\cats\
cat_348.jpg,.jpg,05-04-2024 11:37,05-04-2024 11:37,20-12-2022 12:13,C:\sariga\train\cats\
cat_35.jpg,.jpg,05-04-2024 11:37,05-04-2024 11:37,20-12-2022 12:13,C:\sariga\train\cats\
cat_350.jpg,.jpg,05-04-2024 11:37,05-04-2024 11:37,20-12-2022 12:13,C:\sariga\train\cats\
cat_351.jpg,.jpg,05-04-2024 11:37,05-04-2024 11:37,20-12-2022 12:13,C:\sariga\train\cats\
cat_352.jpg,.jpg,05-04-2024 11:37,05-04-2024 11:37,20-12-2022 12:13,C:\sariga\train\cats\
cat_359.jpg,.jpg,05-04-2024 11:37,05-04-2024 11:37,20-12-2022 12:13,C:\sariga\train\cats\
cat_361.jpg,.jpg,05-04-2024 11:37,05-04-2024 11:37,20-12-2022 12:13,C:\sariga\train\cats\
cat_362.jpg,.jpg,05-04-2024 11:37,05-04-2024 11:37,20-12-2022 12:13,C:\sariga\train\cats\
cat_363.jpg,.jpg,05-04-2024 11:37,05-04-2024 11:37,20-12-2022 12:13,C:\sariga\train\cats\
cat_367.jpg,.jpg,05-04-2024 11:37,05-04-2024 11:37,20-12-2022 12:13,C:\sariga\train\cats\
cat_369.jpg,.jpg,05-04-2024 11:37,05-04-2024 11:37,20-12-2022 12:13,C:\sariga\train\cats\
cat_37.jpg,.jpg,05-04-2024 11:37,05-04-2024 11:37,20-12-2022 12:13,C:\sariga\train\cats\
cat_370.jpg,.jpg,05-04-2024 11:37,05-04-2024 11:37,20-12-2022 12:13,C:\sariga\train\cats\
cat_372.jpg,.jpg,05-04-2024 11:37,05-04-2024 11:37,20-12-2022 12:13,C:\sariga\train\cats\
cat_373.jpg,.jpg,05-04-2024 11:37,05-04-2024 11:37,20-12-2022 12:13,C:\sariga\train\cats\
cat_376.jpg,.jpg,05-04-2024 11:37,05-04-2024 11:37,20-12-2022 12:13,C:\sariga\train\cats\
cat_377.jpg,.jpg,05-04-2024 11:37,05-04-2024 11:37,20-12-2022 12:13,C:\sariga\train\cats\
cat_38.jpg,.jpg,05-04-2024 11:37,05-04-2024 11:37,20-12-2022 12:13,C:\sariga\train\cats\
cat_380.jpg,.jpg,05-04-2024 11:37,05-04-2024 11:37,20-12-2022 12:13,C:\sariga\train\cats\
cat_381.jpg,.jpg,05-04-2024 11:37,05-04-2024 11:37,20-12-2022 12:13,C:\sariga\train\cats\
cat_385.jpg,.jpg,05-04-2024 11:37,05-04-2024 11:37,20-12-2022 12:13,C:\sariga\train\cats\
cat_386.jpg,.jpg,05-04-2024 11:37,05-04-2024 11:37,20-12-2022 12:13,C:\sariga\train\cats\
cat_387.jpg,.jpg,05-04-2024 11:37,05-04-2024 11:37,20-12-2022 12:13,C:\sariga\train\cats\
cat_388.jpg,.jpg,05-04-2024 11:37,05-04-2024 11:37,20-12-2022 12:13,C:\sariga\train\cats\
cat_39.jpg,.jpg,05-04-2024 11:37,05-04-2024 11:37,20-12-2022 12:13,C:\sariga\train\cats\
cat_391.jpg,.jpg,05-04-2024 11:37,05-04-2024 11:37,20-12-2022 12:13,C:\sariga\train\cats\
cat_393.jpg,.jpg,05-04-2024 11:37,05-04-2024 11:37,20-12-2022 12:13,C:\sariga\train\cats\
cat_396.jpg,.jpg,05-04-2024 11:37,05-04-2024 11:37,20-12-2022 12:13,C:\sariga\train\cats\
cat_397.jpg,.jpg,05-04-2024 11:37,05-04-2024 11:37,20-12-2022 12:13,C:\sariga\train\cats\
cat_399.jpg,.jpg,05-04-2024 11:37,05-04-2024 11:37,20-12-2022 12:13,C:\sariga\train\cats\
cat_4.jpg,.jpg,05-04-2024 11:37,05-04-2024 11:37,20-12-2022 12:13,C:\sariga\train\cats\
cat_400.jpg,.jpg,05-04-2024 11:37,05-04-2024 11:37,20-12-2022 12:13,C:\sariga\train\cats\
cat_402.jpg,.jpg,05-04-2024 11:37,05-04-2024 11:37,20-12-2022 12:13,C:\sariga\train\cats\
cat_403.jpg,.jpg,05-04-2024 11:37,05-04-2024 11:37,20-12-2022 12:13,C:\sariga\train\cats\
cat_405.jpg,.jpg,05-04-2024 11:37,05-04-2024 11:37,20-12-2022 12:13,C:\sariga\train\cats\
cat_407.jpg,.jpg,05-04-2024 11:37,05-04-2024 11:37,20-12-2022 12:13,C:\sariga\train\cats\
cat_408.jpg,.jpg,05-04-2024 11:37,05-04-2024 11:37,20-12-2022 12:13,C:\sariga\train\cats\
cat_413.jpg,.jpg,05-04-2024 11:37,05-04-2024 11:37,20-12-2022 12:13,C:\sariga\train\cats\
cat_414.jpg,.jpg,05-04-2024 11:37,05-04-2024 11:37,20-12-2022 12:13,C:\sariga\train\cats\
cat_416.jpg,.jpg,05-04-2024 11:37,05-04-2024 11:37,20-12-2022 12:13,C:\sariga\train\cats\
cat_419.jpg,.jpg,05-04-2024 11:37,05-04-2024 11:37,20-12-2022 12:13,C:\sariga\train\cats\
cat_42.jpg,.jpg,05-04-2024 11:37,05-04-2024 11:37,20-12-2022 12:13,C:\sariga\train\cats\
cat_420.jpg,.jpg,05-04-2024 11:37,05-04-2024 11:37,20-12-2022 12:13,C:\sariga\train\cats\
cat_423.jpg,.jpg,05-04-2024 11:37,05-04-2024 11:37,20-12-2022 12:13,C:\sariga\train\cats\
cat_426.jpg,.jpg,05-04-2024 11:37,05-04-2024 11:37,20-12-2022 12:13,C:\sariga\train\cats\
cat_427.jpg,.jpg,05-04-2024 11:37,05-04-2024 11:37,20-12-2022 12:13,C:\sariga\train\cats\
cat_428.jpg,.jpg,05-04-2024 11:37,05-04-2024 11:37,20-12-2022 12:13,C:\sariga\train\cats\
cat_429.jpg,.jpg,05-04-2024 11:37,05-04-2024 11:37,20-12-2022 12:13,C:\sariga\train\cats\
cat_43.jpg,.jpg,05-04-2024 11:37,05-04-2024 11:37,20-12-2022 12:13,C:\sariga\train\cats\
cat_434.jpg,.jpg,05-04-2024 11:37,05-04-2024 11:37,20-12-2022 12:13,C:\sariga\train\cats\
cat_435.jpg,.jpg,05-04-2024 11:37,05-04-2024 11:37,20-12-2022 12:13,C:\sariga\train\cats\
cat_438.jpg,.jpg,05-04-2024 11:37,05-04-2024 11:37,20-12-2022 12:13,C:\sariga\train\cats\
cat_440.jpg,.jpg,05-04-2024 11:37,05-04-2024 11:37,20-12-2022 12:13,C:\sariga\train\cats\
cat_443.jpg,.jpg,05-04-2024 11:37,05-04-2024 11:37,20-12-2022 12:13,C:\sariga\train\cats\
cat_445.jpg,.jpg,05-04-2024 11:37,05-04-2024 11:37,20-12-2022 12:13,C:\sariga\train\cats\
cat_450.jpg,.jpg,05-04-2024 11:37,05-04-2024 11:37,20-12-2022 12:13,C:\sariga\train\cats\
cat_452.jpg,.jpg,05-04-2024 11:37,05-04-2024 11:37,20-12-2022 12:13,C:\sariga\train\cats\
cat_453.jpg,.jpg,05-04-2024 11:37,05-04-2024 11:37,20-12-2022 12:13,C:\sariga\train\cats\
cat_455.jpg,.jpg,05-04-2024 11:37,05-04-2024 11:37,20-12-2022 12:13,C:\sariga\train\cats\
cat_456.jpg,.jpg,05-04-2024 11:37,05-04-2024 11:37,20-12-2022 12:13,C:\sariga\train\cats\
cat_46.jpg,.jpg,05-04-2024 11:37,05-04-2024 11:37,20-12-2022 12:13,C:\sariga\train\cats\
cat_461.jpg,.jpg,05-04-2024 11:37,05-04-2024 11:37,20-12-2022 12:13,C:\sariga\train\cats\
cat_463.jpg,.jpg,05-04-2024 11:37,05-04-2024 11:37,20-12-2022 12:13,C:\sariga\train\cats\
cat_465.jpg,.jpg,05-04-2024 11:37,05-04-2024 11:37,20-12-2022 12:13,C:\sariga\train\cats\
cat_466.jpg,.jpg,05-04-2024 11:37,05-04-2024 11:37,20-12-2022 12:13,C:\sariga\train\cats\
cat_467.jpg,.jpg,05-04-2024 11:37,05-04-2024 11:37,20-12-2022 12:13,C:\sariga\train\cats\
cat_469.jpg,.jpg,05-04-2024 11:37,05-04-2024 11:37,20-12-2022 12:13,C:\sariga\train\cats\
cat_474.jpg,.jpg,05-04-2024 11:37,05-04-2024 11:37,20-12-2022 12:13,C:\sariga\train\cats\
cat_482.jpg,.jpg,05-04-2024 11:37,05-04-2024 11:37,20-12-2022 12:13,C:\sariga\train\cats\
cat_483.jpg,.jpg,05-04-2024 11:37,05-04-2024 11:37,20-12-2022 12:13,C:\sariga\train\cats\
cat_485.jpg,.jpg,05-04-2024 11:37,05-04-2024 11:37,20-12-2022 12:13,C:\sariga\train\cats\
cat_487.jpg,.jpg,05-04-2024 11:37,05-04-2024 11:37,20-12-2022 12:13,C:\sariga\train\cats\
cat_489.jpg,.jpg,05-04-2024 11:37,05-04-2024 11:37,20-12-2022 12:13,C:\sariga\train\cats\
cat_49.jpg,.jpg,05-04-2024 11:37,05-04-2024 11:37,20-12-2022 12:13,C:\sariga\train\cats\
cat_490.jpg,.jpg,05-04-2024 11:37,05-04-2024 11:37,20-12-2022 12:13,C:\sariga\train\cats\
cat_492.jpg,.jpg,05-04-2024 11:37,05-04-2024 11:37,20-12-2022 12:13,C:\sariga\train\cats\
cat_493.jpg,.jpg,05-04-2024 11:37,05-04-2024 11:37,20-12-2022 12:13,C:\sariga\train\cats\
cat_494.jpg,.jpg,05-04-2024 11:37,05-04-2024 11:37,20-12-2022 12:13,C:\sariga\train\cats\
cat_495.jpg,.jpg,05-04-2024 11:37,05-04-2024 11:37,20-12-2022 12:13,C:\sariga\train\cats\
cat_497.jpg,.jpg,05-04-2024 11:37,05-04-2024 11:37,20-12-2022 12:13,C:\sariga\train\cats\
cat_498.jpg,.jpg,05-04-2024 11:37,05-04-2024 11:37,20-12-2022 12:13,C:\sariga\train\cats\
cat_499.jpg,.jpg,05-04-2024 11:37,05-04-2024 11:37,20-12-2022 12:13,C:\sariga\train\cats\
cat_50.jpg,.jpg,05-04-2024 11:37,05-04-2024 11:37,20-12-2022 12:13,C:\sariga\train\cats\
cat_500.jpg,.jpg,05-04-2024 11:37,05-04-2024 11:37,20-12-2022 12:13,C:\sariga\train\cats\
cat_505.jpg,.jpg,05-04-2024 11:37,05-04-2024 11:37,20-12-2022 12:13,C:\sariga\train\cats\
cat_506.jpg,.jpg,05-04-2024 11:37,05-04-2024 11:37,20-12-2022 12:13,C:\sariga\train\cats\
cat_508.jpg,.jpg,05-04-2024 11:37,05-04-2024 11:37,20-12-2022 12:13,C:\sariga\train\cats\
cat_510.jpg,.jpg,05-04-2024 11:37,05-04-2024 11:37,20-12-2022 12:13,C:\sariga\train\cats\
cat_511.jpg,.jpg,05-04-2024 11:37,05-04-2024 11:37,20-12-2022 12:13,C:\sariga\train\cats\
cat_518.jpg,.jpg,05-04-2024 11:37,05-04-2024 11:37,20-12-2022 12:13,C:\sariga\train\cats\
cat_519.jpg,.jpg,05-04-2024 11:37,05-04-2024 11:37,20-12-2022 12:13,C:\sariga\train\cats\
cat_52.jpg,.jpg,05-04-2024 11:37,05-04-2024 11:37,20-12-2022 12:13,C:\sariga\train\cats\
cat_524.jpg,.jpg,05-04-2024 11:37,05-04-2024 11:37,20-12-2022 12:13,C:\sariga\train\cats\
cat_526.jpg,.jpg,05-04-2024 11:37,05-04-2024 11:37,20-12-2022 12:13,C:\sariga\train\cats\
cat_53.jpg,.jpg,05-04-2024 11:37,05-04-2024 11:37,20-12-2022 12:13,C:\sariga\train\cats\
cat_531.jpg,.jpg,05-04-2024 11:37,05-04-2024 11:37,20-12-2022 12:13,C:\sariga\train\cats\
cat_532.jpg,.jpg,05-04-2024 11:37,05-04-2024 11:37,20-12-2022 12:13,C:\sariga\train\cats\
cat_533.jpg,.jpg,05-04-2024 11:37,05-04-2024 11:37,20-12-2022 12:13,C:\sariga\train\cats\
cat_535.jpg,.jpg,05-04-2024 11:37,05-04-2024 11:37,20-12-2022 12:13,C:\sariga\train\cats\
cat_536.jpg,.jpg,05-04-2024 11:37,05-04-2024 11:37,20-12-2022 12:13,C:\sariga\train\cats\
cat_54.jpg,.jpg,05-04-2024 11:37,05-04-2024 11:37,20-12-2022 12:13,C:\sariga\train\cats\
cat_540.jpg,.jpg,05-04-2024 11:37,05-04-2024 11:37,20-12-2022 12:13,C:\sariga\train\cats\
cat_543.jpg,.jpg,05-04-2024 11:37,05-04-2024 11:37,20-12-2022 12:13,C:\sariga\train\cats\
cat_544.jpg,.jpg,05-04-2024 11:37,05-04-2024 11:37,20-12-2022 12:13,C:\sariga\train\cats\
cat_546.jpg,.jpg,05-04-2024 11:37,05-04-2024 11:37,20-12-2022 12:13,C:\sariga\train\cats\
cat_547.jpg,.jpg,05-04-2024 11:37,05-04-2024 11:37,20-12-2022 12:13,C:\sariga\train\cats\
cat_548.jpg,.jpg,05-04-2024 11:37,05-04-2024 11:37,20-12-2022 12:13,C:\sariga\train\cats\
cat_549.jpg,.jpg,05-04-2024 11:37,05-04-2024 11:37,20-12-2022 12:13,C:\sariga\train\cats\
cat_553.jpg,.jpg,05-04-2024 11:37,05-04-2024 11:37,20-12-2022 12:13,C:\sariga\train\cats\
cat_556.jpg,.jpg,05-04-2024 11:37,05-04-2024 11:37,20-12-2022 12:13,C:\sariga\train\cats\
cat_557.jpg,.jpg,05-04-2024 11:37,05-04-2024 11:37,20-12-2022 12:13,C:\sariga\train\cats\
cat_558.jpg,.jpg,05-04-2024 11:37,05-04-2024 11:37,20-12-2022 12:13,C:\sariga\train\cats\
cat_559.jpg,.jpg,05-04-2024 11:37,05-04-2024 11:37,20-12-2022 12:13,C:\sariga\train\cats\
cat_560.jpg,.jpg,05-04-2024 11:37,05-04-2024 11:37,20-12-2022 12:13,C:\sariga\train\cats\
cat_565.jpg,.jpg,05-04-2024 11:37,05-04-2024 11:37,20-12-2022 12:13,C:\sariga\train\cats\
cat_567.jpg,.jpg,05-04-2024 11:37,05-04-2024 11:37,20-12-2022 12:13,C:\sariga\train\cats\
cat_569.jpg,.jpg,05-04-2024 11:37,05-04-2024 11:37,20-12-2022 12:13,C:\sariga\train\cats\
cat_570.jpg,.jpg,05-04-2024 11:37,05-04-2024 11:37,20-12-2022 12:13,C:\sariga\train\cats\
cat_573.jpg,.jpg,05-04-2024 11:37,05-04-2024 11:37,20-12-2022 12:13,C:\sariga\train\cats\
cat_577.jpg,.jpg,05-04-2024 11:37,05-04-2024 11:37,20-12-2022 12:13,C:\sariga\train\cats\
cat_58.jpg,.jpg,05-04-2024 11:37,05-04-2024 11:37,20-12-2022 12:13,C:\sariga\train\cats\
cat_580.jpg,.jpg,05-04-2024 11:37,05-04-2024 11:37,20-12-2022 12:13,C:\sariga\train\cats\
cat_581.jpg,.jpg,05-04-2024 11:37,05-04-2024 11:37,20-12-2022 12:13,C:\sariga\train\cats\
cat_589.jpg,.jpg,05-04-2024 11:37,05-04-2024 11:37,20-12-2022 12:13,C:\sariga\train\cats\
cat_59.jpg,.jpg,05-04-2024 11:37,05-04-2024 11:37,20-12-2022 12:13,C:\sariga\train\cats\
cat_590.jpg,.jpg,05-04-2024 11:37,05-04-2024 11:37,20-12-2022 12:13,C:\sariga\train\cats\
cat_591.jpg,.jpg,05-04-2024 11:37,05-04-2024 11:37,20-12-2022 12:13,C:\sariga\train\cats\
cat_592.jpg,.jpg,05-04-2024 11:37,05-04-2024 11:37,20-12-2022 12:13,C:\sariga\train\cats\
cat_6.jpg,.jpg,05-04-2024 11:37,05-04-2024 11:37,20-12-2022 12:13,C:\sariga\train\cats\
cat_601.jpg,.jpg,05-04-2024 11:37,05-04-2024 11:37,20-12-2022 12:13,C:\sariga\train\cats\
cat_602.jpg,.jpg,05-04-2024 11:37,05-04-2024 11:37,20-12-2022 12:13,C:\sariga\train\cats\
cat_604.jpg,.jpg,05-04-2024 11:37,05-04-2024 11:37,20-12-2022 12:13,C:\sariga\train\cats\
cat_605.jpg,.jpg,05-04-2024 11:37,05-04-2024 11:37,20-12-2022 12:13,C:\sariga\train\cats\
cat_61.jpg,.jpg,05-04-2024 11:37,05-04-2024 11:37,20-12-2022 12:13,C:\sariga\train\cats\
cat_64.jpg,.jpg,05-04-2024 11:37,05-04-2024 11:37,20-12-2022 12:13,C:\sariga\train\cats\
cat_66.jpg,.jpg,05-04-2024 11:37,05-04-2024 11:37,20-12-2022 12:13,C:\sariga\train\cats\
cat_67.jpg,.jpg,05-04-2024 11:37,05-04-2024 11:37,20-12-2022 12:13,C:\sariga\train\cats\
cat_69.jpg,.jpg,05-04-2024 11:37,05-04-2024 11:37,20-12-2022 12:13,C:\sariga\train\cats\
cat_70.jpg,.jpg,05-04-2024 11:37,05-04-2024 11:37,20-12-2022 12:13,C:\sariga\train\cats\
cat_74.jpg,.jpg,05-04-2024 11:37,05-04-2024 11:37,20-12-2022 12:13,C:\sariga\train\cats\
cat_75.jpg,.jpg,05-04-2024 11:37,05-04-2024 11:37,20-12-2022 12:13,C:\sariga\train\cats\
cat_77.jpg,.jpg,05-04-2024 11:37,05-04-2024 11:37,20-12-2022 12:13,C:\sariga\train\cats\
cat_78.jpg,.jpg,05-04-2024 11:37,05-04-2024 11:37,20-12-2022 12:13,C:\sariga\train\cats\
cat_80.jpg,.jpg,05-04-2024 11:37,05-04-2024 11:37,20-12-2022 12:13,C:\sariga\train\cats\
cat_84.jpg,.jpg,05-04-2024 11:37,05-04-2024 11:37,20-12-2022 12:13,C:\sariga\train\cats\
cat_87.jpg,.jpg,05-04-2024 11:37,05-04-2024 11:37,20-12-2022 12:13,C:\sariga\train\cats\
cat_9.jpg,.jpg,05-04-2024 11:37,05-04-2024 11:37,20-12-2022 12:13,C:\sariga\train\cats\
cat_93.jpg,.jpg,05-04-2024 11:37,05-04-2024 11:37,20-12-2022 12:13,C:\sariga\train\cats\
cat_95.jpg,.jpg,05-04-2024 11:37,05-04-2024 11:37,20-12-2022 12:13,C:\sariga\train\cats\
cat_97.jpg,.jpg,05-04-2024 11:37,05-04-2024 11:37,20-12-2022 12:13,C:\sariga\train\cats\
cat_98.jpg,.jpg,05-04-2024 11:37,05-04-2024 11:37,20-12-2022 12:13,C:\sariga\train\cats\
